{"cameraMode":{"drawMode":0,"name":"Shaded","section":"Shading Mode"},"sceneLighting":true,"audioPlay":false,"sceneViewState":{"showFog":true,"showMaterialUpdate":true,"showSkybox":true,"showFlares":true,"showImageEffects":true,"showParticleSystems":true},"in2DMode":false,"pivot":{"x":982.9627075195313,"y":577.7467041015625,"z":33.870849609375},"rotation":{"x":-0.08719588071107865,"y":0.004768441431224346,"z":-0.0004029872652608901,"w":-0.9962031841278076},"size":604.1417236328125,"orthographic":false}