{"cameraMode":{"drawMode":0,"name":"Shaded","section":"Shading Mode"},"sceneLighting":false,"audioPlay":false,"sceneViewState":{"showFog":true,"showMaterialUpdate":true,"showSkybox":false,"showFlares":true,"showImageEffects":true,"showParticleSystems":true},"in2DMode":false,"pivot":{"x":0.9765585064888,"y":4.32106351852417,"z":5.819692611694336},"rotation":{"x":-0.02126312628388405,"y":0.9682942032814026,"z":-0.23266004025936128,"w":-0.0885564386844635},"size":0.8660253882408142,"orthographic":false}