{"cameraMode":{"drawMode":0,"name":"Shaded","section":"Shading Mode"},"sceneLighting":true,"audioPlay":false,"sceneViewState":{"showFog":true,"showMaterialUpdate":true,"showSkybox":true,"showFlares":true,"showImageEffects":true,"showParticleSystems":true},"in2DMode":false,"pivot":{"x":-5.241065979003906,"y":1.3025894165039063,"z":195.54383850097657},"rotation":{"x":-0.3427967429161072,"y":0.6155925989151001,"z":-0.338302344083786,"w":-0.6237755417823792},"size":16.23114776611328,"orthographic":false}