{"cameraMode":{"drawMode":0,"name":"Shaded","section":"Shading Mode"},"sceneLighting":false,"audioPlay":false,"sceneViewState":{"showFog":true,"showMaterialUpdate":true,"showSkybox":false,"showFlares":true,"showImageEffects":true,"showParticleSystems":true},"in2DMode":false,"pivot":{"x":3.8677353858947756,"y":-1.9948482513427735,"z":4.756391525268555},"rotation":{"x":0.2296125590801239,"y":-0.6392595767974854,"z":0.20845714211463929,"w":0.7037472724914551},"size":10.0,"orthographic":false}