{"cameraMode":{"drawMode":0,"name":"Shaded","section":"Shading Mode"},"sceneLighting":false,"audioPlay":false,"sceneViewState":{"showFog":true,"showMaterialUpdate":true,"showSkybox":false,"showFlares":true,"showImageEffects":true,"showParticleSystems":true},"in2DMode":false,"pivot":{"x":9.78682804107666,"y":0.948738694190979,"z":3.299339532852173},"rotation":{"x":-0.11316850781440735,"y":-0.8781265020370483,"z":0.25583702325820925,"w":-0.3883672058582306},"size":2.3152565956115724,"orthographic":false}