{"cameraMode":{"drawMode":0,"name":"Shaded","section":"Shading Mode"},"sceneLighting":false,"audioPlay":false,"sceneViewState":{"showFog":true,"showMaterialUpdate":true,"showSkybox":false,"showFlares":true,"showImageEffects":true,"showParticleSystems":true},"in2DMode":false,"pivot":{"x":2.938479423522949,"y":-0.5957455635070801,"z":5.7637481689453129},"rotation":{"x":0.2296125590801239,"y":-0.6392595767974854,"z":0.20845714211463929,"w":0.7037472724914551},"size":5.707395553588867,"orthographic":false}