{"cameraMode":{"drawMode":0,"name":"Shaded","section":"Shading Mode"},"sceneLighting":true,"audioPlay":false,"sceneViewState":{"showFog":true,"showMaterialUpdate":true,"showSkybox":true,"showFlares":true,"showImageEffects":true,"showParticleSystems":true},"in2DMode":false,"pivot":{"x":6.519012928009033,"y":1.4896571636199952,"z":2.7788708209991457},"rotation":{"x":-0.019647961482405664,"y":0.5731524229049683,"z":0.013773743994534016,"w":0.8192275762557983},"size":3.9308063983917238,"orthographic":false}