{"cameraMode":{"drawMode":0,"name":"Shaded","section":"Shading Mode"},"sceneLighting":false,"audioPlay":false,"sceneViewState":{"showFog":true,"showMaterialUpdate":true,"showSkybox":false,"showFlares":true,"showImageEffects":true,"showParticleSystems":true},"in2DMode":false,"pivot":{"x":9.218263626098633,"y":3.2339024543762209,"z":10.701610565185547},"rotation":{"x":-0.06966735422611237,"y":-0.7173353433609009,"z":0.07263083010911942,"w":-0.6894871592521668},"size":2.5641019344329836,"orthographic":false}