{"cameraMode":{"drawMode":0,"name":"Shaded","section":"Shading Mode"},"sceneLighting":true,"audioPlay":false,"sceneViewState":{"showFog":true,"showMaterialUpdate":true,"showSkybox":true,"showFlares":true,"showImageEffects":true,"showParticleSystems":true},"in2DMode":false,"pivot":{"x":934.0891723632813,"y":994.6156616210938,"z":81.365234375},"rotation":{"x":0.057275593280792239,"y":-0.0026876695919781925,"z":0.00016245483129750937,"w":0.9983750581741333},"size":1067.5283203125,"orthographic":false}