{"cameraMode":{"drawMode":0,"name":"Shaded","section":"Shading Mode"},"sceneLighting":false,"audioPlay":false,"sceneViewState":{"showFog":true,"showMaterialUpdate":true,"showSkybox":false,"showFlares":true,"showImageEffects":true,"showParticleSystems":true},"in2DMode":false,"pivot":{"x":4.8071136474609379,"y":3.221038818359375,"z":11.72944450378418},"rotation":{"x":0.3469681739807129,"y":-0.3730475902557373,"z":0.15274769067764283,"w":0.8468802571296692},"size":4.364101886749268,"orthographic":false}