{"cameraMode":{"drawMode":0,"name":"Shaded","section":"Shading Mode"},"sceneLighting":false,"audioPlay":false,"sceneViewState":{"showFog":true,"showMaterialUpdate":true,"showSkybox":false,"showFlares":true,"showImageEffects":true,"showParticleSystems":true},"in2DMode":false,"pivot":{"x":12.258071899414063,"y":1.1461468935012818,"z":4.742623329162598},"rotation":{"x":-0.21960371732711793,"y":-0.07133789360523224,"z":0.016090434044599534,"w":-0.9728901982307434},"size":1.5741522312164307,"orthographic":false}