{"cameraMode":{"drawMode":0,"name":"Shaded","section":"Shading Mode"},"sceneLighting":false,"audioPlay":false,"sceneViewState":{"showFog":true,"showMaterialUpdate":true,"showSkybox":false,"showFlares":true,"showImageEffects":true,"showParticleSystems":true},"in2DMode":false,"pivot":{"x":1001.5565185546875,"y":537.0414428710938,"z":75.87214660644531},"rotation":{"x":0.13110008835792542,"y":-0.8660228848457336,"z":0.3777219355106354,"w":0.30038750171661379},"size":205.52354431152345,"orthographic":false}