{"cameraMode":{"drawMode":0,"name":"Shaded","section":"Shading Mode"},"sceneLighting":false,"audioPlay":false,"sceneViewState":{"showFog":true,"showMaterialUpdate":true,"showSkybox":false,"showFlares":true,"showImageEffects":true,"showParticleSystems":true},"in2DMode":false,"pivot":{"x":0.05208069086074829,"y":0.012597262859344483,"z":5.973198890686035},"rotation":{"x":0.08708962798118592,"y":0.911231279373169,"z":-0.3124268054962158,"w":0.25395241379737856},"size":0.9123725295066834,"orthographic":false}