{"cameraMode":{"drawMode":0,"name":"Shaded","section":"Shading Mode"},"sceneLighting":true,"audioPlay":false,"sceneViewState":{"showFog":true,"showMaterialUpdate":true,"showSkybox":true,"showFlares":true,"showImageEffects":true,"showParticleSystems":true},"in2DMode":false,"pivot":{"x":852.3836669921875,"y":688.3589477539063,"z":404.84912109375},"rotation":{"x":-0.030302755534648896,"y":-0.0012106342473998666,"z":0.00006842571747256443,"w":-0.9995694756507874},"size":1148.0238037109375,"orthographic":false}