{"cameraMode":{"drawMode":0,"name":"Shaded","section":"Shading Mode"},"sceneLighting":false,"audioPlay":false,"sceneViewState":{"showFog":true,"showMaterialUpdate":true,"showSkybox":false,"showFlares":true,"showImageEffects":true,"showParticleSystems":true},"in2DMode":false,"pivot":{"x":1870.00439453125,"y":1030.1490478515625,"z":-0.1053924560546875},"rotation":{"x":0.0498022623360157,"y":-0.9437246322631836,"z":0.28140807151794436,"w":0.16674311459064485},"size":5.967337131500244,"orthographic":false}